{"cameraMode":{"drawMode":0,"name":"Shaded","section":"Shading Mode"},"sceneLighting":true,"audioPlay":false,"sceneViewState":{"showFog":true,"showMaterialUpdate":false,"showSkybox":true,"showFlares":true,"showImageEffects":true,"showParticleSystems":true},"in2DMode":false,"pivot":{"x":361.8013000488281,"y":799.6595458984375,"z":-115.11309051513672},"rotation":{"x":0.004271816462278366,"y":-0.7022126913070679,"z":-0.0042131077498197559,"w":-0.7119420170783997},"size":10.866744041442871,"orthographic":false}